,event_id,station,channel,sp_ratio
0,2015,CFMN,HHZ,7.499999812500005
1,2015,CNIS,HHZ,2.49999996875
2,2015,CQUE,HHZ,3.99999996
3,2015,CSFT,HHZ,3.7499999953125
4,2015,CAWE,EHZ,37.499999531250005
5,2015,CSOB,HHZ,2.333333332555556
6,2015,CPIS,HHZ,4.9999999975
7,2015,CLAC,HHZ,9.9999990000001
8,2015,CDOV,EHZ,7.499998125000468
9,2015,CMIS,HHZ,16.666663888889353
10,2015,V0102,EHZ,5.999999988
11,2015,CMTS,EHZ,4.285713673469475
12,2015,CSTH,HHZ,6.666666664444444
13,2015,CMSN,HHZ,12.499998437500196
14,2015,COLB,HHZ,19.99999986666667
15,2015,CPOZ,HHZ,14.285714081632657
16,2015,CBAG,HHZ,4.999999750000012
17,2015,CBAC,HHZ,6.666666444444452
18,27639,CPOZ,HHZ,19.9999999
19,27639,CBAG,HHZ,8.999999910000001
20,27639,CBAC,HHZ,2.999999985
21,27639,COLB,HHZ,9.99999998
22,27639,CSTH,HHZ,4.99999999875
23,27639,CMSN,HHZ,2.857142816326531
24,27639,V0102,EHZ,4.999999991666666
25,27639,CMTS,EHZ,4.999999916666669
26,27639,CAAM,HHZ,1.999999999
27,27639,CDOV,EHZ,5.333332977777801
28,27639,CMIS,HHZ,1.249999968750001
29,27639,CLAC,HHZ,19.9999980000002
30,27639,PTMR,HHZ,9.999999500000024
31,27639,CCAP,EHZ,4.999999875000004
32,27639,CPIS,HHZ,3.7499999953125
33,27639,CSFT,HHZ,4.999999991666666
34,27639,CAWE,EHZ,19.9999998
35,27639,CSOB,HHZ,1.9999999996
36,27639,CNIS,HHZ,0.999999998
37,27639,CQUE,HHZ,2.3333333255555555
38,27639,CFMN,HHZ,9.99999995
39,28829,BAN,HNZ,7.999999200000079
40,28829,CAAM,HHZ,6.666666644444445
41,28829,POZM,HNZ,19.99999500000125
42,28829,POZU,HNZ,6.66666555555574
43,28829,COLB,HHZ,7.49999998125
44,28829,CSTH,HHZ,9.99999999
45,28829,POZT,HNZ,11.42855510206414
46,28829,CMSN,HHZ,9.999999500000024
47,28829,CROS,HHZ,9.999999975
48,28829,NABA,HNZ,9.9999990000001
49,28829,POZA,HNZ,9.999996666667776
50,28829,CBAG,HHZ,9.9999999
51,28829,CAWE,EHZ,19.9999998
52,28829,BAIP,HNZ,9.99995000025
53,28829,CSFT,HHZ,4.999999975000001
54,28829,CSOB,HHZ,9.999999985714284
55,28829,CBAC,HHZ,29.9999970000003
56,28829,CFMN,HHZ,1.99999999
57,28829,CPOZ,HHZ,9.99999985714286
58,28829,CNIS,HHZ,2.2222221975308645
59,28829,POZB,HNZ,6.666664444445185
60,28829,NAFG,HNZ,9.999998333333613
61,28829,CQUE,HHZ,3.99999996
62,28829,NACO,HNZ,1.7499995625001092
63,28829,CCAP,EHZ,4.999999750000012
64,28829,CDOV,EHZ,2.499999875000006
65,28829,POZL,HNZ,3.999996000004
66,28829,CPIS,HHZ,19.99999996
67,28829,CMIS,HHZ,33.333327777778706
68,32658,CAWE,EHZ,19.9999999
69,32658,CQUE,HHZ,3.333333327777777
70,32658,CSOB,HHZ,1.9999999998
71,32658,PTMR,HHZ,9.999997500000624
72,32658,CSFT,HHZ,3.4999999982500003
73,32658,CNIS,HHZ,3.999999992
74,32658,CFMN,HHZ,9.99999995
75,32658,CBAC,HHZ,4.999999975000001
76,32658,CPOZ,HHZ,19.9999999
77,32658,CBAG,HHZ,11.428571265306124
78,32658,V0102,EHZ,3.999999998
79,32658,CMTS,EHZ,13.333332888888904
80,32658,CMIS,HHZ,6.99999993
81,32658,CDOV,EHZ,19.9999980000002
82,32658,COLB,HHZ,9.99999999
83,32658,CLAC,HHZ,4.999999916666669
84,32658,CMSN,HHZ,7.142857040816327
85,32658,CPIS,HHZ,4.999999999166667
86,32658,CAAM,HHZ,2.499999999375
87,32658,CCAP,EHZ,9.999999500000024
88,33199,CSOB,HHZ,1.4999999992500002
89,33199,CQUE,HHZ,6.666666555555558
90,33199,CNIS,HHZ,4.999999750000012
91,33199,CAWE,EHZ,3.99999996
92,33199,CSFT,HHZ,1.2499999984375
93,33199,CPIS,HHZ,4.99999999375
94,33199,POZA,HNZ,1.666666611111113
95,33199,CLAC,HHZ,3.333333222222226
96,33199,CBAG,HHZ,5.555554938271674
97,33199,POZS,HNZ,7.499999812500005
98,33199,POZB,HNZ,19.999993333335556
99,33199,CDOV,EHZ,7.4999962500018755
100,33199,CROS,HHZ,5.999999988
101,33199,NABA,HNZ,14.999992500003753
102,33199,CAAM,HHZ,1.6666666638888887
103,33199,BAN,HNZ,4.99999750000125
104,33199,CSTH,HHZ,34.999999825
105,33199,COLB,HHZ,2.49999999375
106,33199,POZT,HNZ,3.99999960000004
107,33199,POZU,HNZ,14.285712244898251
108,33199,POZM,HNZ,2.99999970000003
109,33199,CBAC,HHZ,9.999999500000024
110,33199,CPOZ,HHZ,4.999999975000001
111,33199,CFMN,HHZ,9.999999833333336
112,36968,NAFG,HNZ,7.499999062500117
113,36968,NACO,HNZ,1.99999980000002
114,36968,CBAC,HHZ,3.3333333222222223
115,36968,CPOZ,HHZ,4.9999999975
116,36968,CFMN,HHZ,4.9999999875
117,36968,POZU,HNZ,9.9999990000001
118,36968,POZM,HNZ,3.99999996
119,36968,COLB,HHZ,3.9999999992
120,36968,POZT,HNZ,7.499999625000019
121,36968,CCAP,EHZ,4.285714224489797
122,36968,CAAM,HHZ,1.24999999984375
123,36968,BAN,HNZ,4.999999750000012
124,36968,CMSN,HHZ,9.999999666666678
125,36968,NABA,HNZ,9.999999500000024
126,36968,PTMR,HHZ,6.249999218750098
127,36968,POZS,HNZ,7.142857040816327
128,36968,POZB,HNZ,16.666661111112962
129,36968,CMIS,HHZ,14.99999850000015
130,36968,CDOV,EHZ,3.999999920000002
131,36968,POZA,HNZ,4.999999875000004
132,36968,CBAG,HHZ,0.6666666664444444
133,36968,MPCD,HNZ,16.666638888935186
134,36968,CPIS,HHZ,9.9999999975
135,36968,CAWE,EHZ,14.999999925
136,36968,CSFT,HHZ,9.99999999
137,36968,BAIP,HNZ,12.499984375019531
138,36968,CQUE,HHZ,9.999999833333336
139,36968,CNIS,HHZ,9.9999999
140,36968,POZL,HNZ,9.9999950000025
141,36968,NAAG,HNZ,9.9999990000001
142,36968,BCLI,HNZ,14.285693877580176
143,43665,POZL,HNZ,12.85712448982216
144,43665,CQUE,HHZ,3.3333333222222223
145,43665,CNIS,HHZ,1.249999996875
146,43665,NAAG,HNZ,33.333327777778706
147,43665,CSOB,HHZ,3.333333332777778
148,43665,CPIS,HHZ,9.999999996666666
149,43665,CSFT,HHZ,8.333333319444444
150,43665,CMIS,HHZ,13.333332888888904
151,43665,CDOV,EHZ,14.999999250000036
152,43665,POZS,HNZ,4.999999875000004
153,43665,POZB,HNZ,14.999992500003753
154,43665,CBAG,HHZ,19.99999960000001
155,43665,POZA,HNZ,8.57142734693895
156,43665,CAAM,HHZ,2.49999999875
157,43665,BAN,HNZ,4.999999833333339
158,43665,CCAP,EHZ,3.749999953125001
159,43665,NABA,HNZ,14.999999250000036
160,43665,CROS,HHZ,2.499999999375
161,43665,CGAU,HHZ,14.999999850000002
162,43665,CSOC,EHZ,5.9999998800000025
163,43665,POZU,HNZ,4.666666355555576
164,43665,POZM,HNZ,7.499999812500005
165,43665,POZT,HNZ,6.666664444445185
166,43665,CSTH,HHZ,2.857142856734694
167,43665,COLB,HHZ,15.999999968
168,43665,NAFG,HNZ,39.99998000001
169,43665,NACO,HNZ,2.85714244897965
170,43665,CPOZ,HHZ,22.499999437500016
171,43665,CFMN,HHZ,9.9999999
172,43665,CBAC,HHZ,15.999999680000007
173,64190,CBAG,HHZ,13.333333111111116
174,64190,CPOZ,HHZ,29.999999700000004
175,64190,CBAC,HHZ,4.999999916666669
176,64190,CMSN,HHZ,9.9999990000001
177,64190,CSTH,HHZ,3.333333332222222
178,64190,COLB,HHZ,6.999999992999999
179,64190,CAAM,HHZ,6.999999992999999
180,64190,BAN,HNZ,6.666666444444452
181,64190,CMTS,EHZ,3.99999980000001
182,64190,PTMR,HHZ,9.9999950000025
183,64190,CLAC,HHZ,11.666664722222546
184,64190,CMIS,HHZ,9.999999666666678
185,64190,CDOV,EHZ,16.666661111112962
186,64190,POZS,HNZ,19.9999960000008
187,64190,CSFT,HHZ,16.666666638888888
188,64190,BAIP,HNZ,9.99995000025
189,64190,CSOB,HHZ,4.99999999875
190,64190,CPIS,HHZ,4.9999999975
191,64190,BCLI,HNZ,9.99995000025
192,64190,CFMN,HHZ,3.99999996
193,64190,CQUE,HHZ,4.999999750000012
194,64190,CNIS,HHZ,4.666666635555556
195,80778,CBAC,HHZ,4.9999999975
196,80778,CFMN,HHZ,19.99999998
197,80778,CMSN,HHZ,9.999999966666667
198,80778,BAIP,HNZ,12.49999687500078
199,80778,CLAC,HHZ,39.9999996
200,80778,CBAG,HHZ,4.999999991666666
201,80778,POZS,HNZ,39.99999920000002
202,80778,CGAU,HHZ,1.999999999
203,80778,PTMR,HHZ,14.999999250000036
204,80778,CCAP,EHZ,3.99999998
205,80778,BAN,HNZ,9.999999500000024
206,80778,CMTS,EHZ,9.9999999
207,80778,CQUE,HHZ,13.999999972
208,80778,POZT,HNZ,8.999999910000001
209,80778,CDOV,EHZ,5.99999994
210,80778,CNIS,HHZ,1.499999999625
211,80778,CMIS,HHZ,9.999999985714284
212,85772,CSOB,HHZ,5.999999994
213,85772,CAWE,EHZ,3.99999998
214,85772,CNIS,HHZ,3.333333222222226
215,85772,CMIS,HHZ,9.999999333333378
216,85772,POZT,HNZ,1.4999999250000038
217,85772,CDOV,EHZ,4.999998333333888
218,85772,CPIS,HHZ,19.99999998
219,85772,CMTS,EHZ,4.99999950000005
220,85772,CQUE,HHZ,1.4999999925
221,85772,BAN,HNZ,6.666664444445185
222,85772,CCAP,EHZ,4.999999375000078
223,85772,CGAU,HHZ,7.4999999625
224,85772,CAAM,HHZ,2.49999999375
225,85772,POZS,HNZ,4.444444395061729
226,85772,COLB,HHZ,2.49999999375
227,85772,CLAC,HHZ,3.99999980000001
228,85772,CBAG,HHZ,9.9999990000001
229,85772,CMSN,HHZ,8.57142734693895
230,85772,CBAC,HHZ,6.666666444444452
231,85772,CSFT,HHZ,4.999999975000001
232,85772,CPOZ,HHZ,3.333333327777777
233,85772,CFMN,HHZ,29.999998500000075
234,85981,CMSN,HHZ,9.999999500000024
235,85981,CSTH,HHZ,1.9999999998
236,85981,CPOZ,HHZ,14.999999925
237,85981,CFMN,HHZ,13.999999720000009
238,85981,CBAC,HHZ,5.9999998800000025
239,85981,CSFT,HHZ,8.999999991
240,85981,COLB,HHZ,4.9999999975
241,85981,POZS,HNZ,4.999999750000012
242,85981,CLAC,HHZ,9.999998571428776
243,85981,CBAG,HHZ,19.9999998
244,85981,BAIP,HNZ,19.99980000199998
245,85981,BCLI,HNZ,14.999992500003753
246,85981,CAAM,HHZ,2.6666666657777776
247,85981,PTMR,HHZ,9.9999950000025
248,85981,CQUE,HHZ,4.999999875000004
249,85981,CPIS,HHZ,2.857142856734694
250,85981,CMTS,EHZ,6.666666444444452
251,85981,BAN,HNZ,1.99999998
252,85981,CNIS,HHZ,2.49999999375
253,85981,CMIS,HHZ,7.499999812500005
254,85981,CDOV,EHZ,4.99999950000005
255,85981,CSOB,HHZ,2.4999999996875
256,103037,CDOV,EHZ,6.666666555555558
257,103037,POZT,HNZ,99.9999995
258,103037,CNIS,HHZ,1.999999999
259,103037,CMIS,HHZ,5.333333329777778
260,103037,BAN,HNZ,3.99999980000001
261,103037,CQUE,HHZ,1.9999999986666668
262,103037,CPIS,HHZ,1.9999999998
263,103037,CMTS,EHZ,6.666666555555558
264,103037,CAAM,HHZ,0.99999999995
265,103037,CGAU,HHZ,1.9999999993333333
266,103037,CLAC,HHZ,7.999999984
267,103037,CBAG,HHZ,4.9999999875
268,103037,BAIP,HNZ,19.9999960000008
269,103037,COLB,HHZ,2.9999999997
270,103037,POZS,HNZ,4.999999975000001
271,103037,CBAC,HHZ,9.999999995
272,103037,CMSN,HHZ,7.4999999625
0,8211,COLB,HHZ,3.99999996
1,8211,CMIS,HHZ,2.499999875000006
2,8211,V0102,EHZ,9.9999990000001
3,8211,CROS,HHZ,19.9999980000002
4,8211,CSTH,HHZ,19.99999900000005
5,8211,CMTS,EHZ,1.666666388888935
6,8211,CAAM,HHZ,9.999999750000008
7,8211,CDOV,EHZ,2.499999375000156
8,8211,CNIS,HHZ,1.5999999680000008
9,8211,CSOB,HHZ,5.714285632653062
10,8211,CBAC,HHZ,5.99999880000024
11,8211,CPOZ,HHZ,2.99999997
12,8211,CSFT,HHZ,9.999998571428776
13,8211,CAWE,EHZ,4.99999750000125
14,14901,NACO,HNZ,3.99999980000001
15,14901,NAFG,HNZ,19.9999980000002
16,14901,CBAC,HHZ,12.499999843750002
17,14901,BAN,HNZ,0.99999999
18,14901,POZB,HNZ,9.99999000001
19,14901,CSTH,HHZ,4.999999995
20,14901,POZL,HNZ,26.666577778074075
21,14901,POZT,HNZ,99.9998000004
22,14901,PTMR,HHZ,6.666666111111157
23,14901,CAAM,HHZ,1.666666666388889
24,14901,CNIS,HHZ,5.833333328472222
25,14901,CQUE,HHZ,2.499999937500002
26,14901,POZS,HNZ,9.9999990000001
27,14901,CMTS,EHZ,4.9999999375
28,14901,BAIP,HNZ,15.999968000064
29,14901,CPIS,HHZ,14.999999985
30,14901,CCAP,EHZ,33.33277778703688
31,14901,CMSN,HHZ,9.999999750000008
32,14901,CBAG,HHZ,8.333333319444444
33,14901,CSOB,HHZ,4.999999975000001
34,14901,CSOC,EHZ,4.285714224489797
35,14901,MPCD,HNZ,9.9999950000025
36,14901,POZU,HNZ,9.99999000001
37,14901,CDOV,EHZ,3.749999953125001
38,14901,CMIS,HHZ,12.499999843750002
39,14901,COLB,HHZ,3.333333332777778
40,14901,CRUS,EHZ,6.666665925926008
41,14901,POZM,HNZ,4.999999750000012
42,14901,CGAU,HHZ,49.99998750000312
43,14901,CSFT,HHZ,4.9999999875
44,14901,CPOZ,HHZ,66.66664444445185
45,18017,CAWE,EHZ,49.9999750000125
46,18017,CSOB,HHZ,9.99999995
47,18017,COLB,HHZ,5.999999994
48,18017,CSTH,HHZ,49.99999750000013
49,18017,CMIS,HHZ,13.33332888889037
50,18017,CNIS,HHZ,3.99999996
51,18017,CQUE,HHZ,6.666664444445185
52,18017,CAAM,HHZ,4.285714279591836
53,18017,CDOV,EHZ,13.33332888889037
54,18017,CMSN,HHZ,3.99999960000004
55,18017,CMTS,EHZ,6.99999930000007
56,18017,V0102,EHZ,99.99998571428776
57,18017,CROS,HHZ,99.99996666667776
58,18017,CFMN,HHZ,19.99999500000125
59,18017,CCAP,EHZ,14.285712244898251
60,18017,CSFT,HHZ,14.999999250000036
61,18017,CBAC,HHZ,23.333325555558147
62,18017,CPOZ,HHZ,19.99999900000005
63,28584,CBAG,HHZ,12.49999968750001
64,28584,COLB,HHZ,4.9999999875
65,28584,CPOZ,HHZ,1.999999995
66,28584,POZT,HNZ,1.99999980000002
67,28584,CSTH,HHZ,16.666666388888896
68,28584,CDOV,EHZ,14.999997500000417
69,28584,CFMN,HHZ,9.999999500000024
70,28584,CPIS,HHZ,19.9999998
71,28584,CAAM,HHZ,4.999999991666666
72,28584,POZA,HNZ,4.99999750000125
73,28584,CCAP,EHZ,7.499999812500005
74,28584,CNIS,HHZ,2.49999999375
75,28584,CMIS,HHZ,16.666663888889353
76,28584,CROS,HHZ,4.999999975000001
77,28584,POZS,HNZ,24.99998750000625
78,28584,NACO,HNZ,11.99999760000048
79,28584,CAWE,EHZ,9.9999990000001
80,28584,CSFT,HHZ,5.714285632653062
81,28584,CSOB,HHZ,11.999999976
82,28584,NAFG,HNZ,9.9999950000025
83,37445,CROS,HHZ,28.57142816326531
84,37445,CNIS,HHZ,2.99999997
85,37445,CMIS,HHZ,9.9999990000001
86,37445,CSTH,HHZ,39.99999920000002
87,37445,CDOV,EHZ,9.999999500000024
88,37445,CCAP,EHZ,14.999999250000036
89,37445,CMTS,EHZ,2.999999850000008
90,37445,CAAM,HHZ,6.666666644444445
91,37445,CPOZ,HHZ,13.333332888888904
92,37445,CFMN,HHZ,19.9999980000002
93,37445,CMSN,HHZ,2.99999970000003
94,37445,COLB,HHZ,6.666666644444445
95,37445,CSOB,HHZ,9.999999966666667
96,37445,CSFT,HHZ,19.99999933333336
97,37445,CBAC,HHZ,33.333322222225924
98,39928,BCLI,HNZ,3.3333322222225923
99,39928,V0105,EHZ,11.99999760000048
100,39928,CSOB,HHZ,7.499999812500005
101,39928,CPOZ,HHZ,1.7999999964
102,39928,CSFT,HHZ,14.999999250000036
103,39928,BAIP,HNZ,7.99999840000032
104,39928,CAAM,HHZ,3.333333222222226
105,39928,COLB,HHZ,4.999999750000012
106,39928,CBAG,HHZ,9.99999000001
107,39928,CGAU,HHZ,2.999999985
108,39928,CFMN,HHZ,1.999999998
109,39928,CMSN,HHZ,6.6666622222251855
110,39928,CCAP,EHZ,9.9999950000025
111,39928,CSTH,HHZ,5.9999998800000025
112,39928,CQUE,HHZ,9.9999980000004
113,39928,CNIS,HHZ,19.99999500000125
114,39928,CMIS,HHZ,6.666666222222252
115,39928,CBAC,HHZ,9.99999995
116,48423,NABA,HNZ,44.999775001125
117,48423,CAWE,EHZ,19.9999980000002
118,48423,CBAC,HHZ,6.666666644444445
119,48423,POZA,HNZ,3.333333222222226
120,48423,CNIS,HHZ,14.999999250000036
121,48423,CMIS,HHZ,9.999999666666678
122,48423,CROS,HHZ,19.99999900000005
123,48423,CQUE,HHZ,6.666666444444452
124,48423,POZS,HNZ,34.99998250000875
125,48423,CSTH,HHZ,19.99999960000001
126,48423,POZL,HNZ,0.9999999857142858
127,48423,POZB,HNZ,4.999999750000012
128,48423,CDOV,EHZ,19.99998000002
129,48423,POZU,HNZ,23.333325555558147
130,48423,CCAP,EHZ,24.99998750000625
131,48423,POZT,HNZ,0.9999999500000024
132,48423,POZM,HNZ,0.4999999500000049
133,48423,CBAG,HHZ,49.99998750000312
134,48423,CPOZ,HHZ,0.999999999
135,48423,CSOB,HHZ,19.99999960000001
136,48423,CAAM,HHZ,4.99999995
137,48423,COLB,HHZ,19.99999900000005
138,48423,BAN,HNZ,16.666611111296298
139,48423,CSFT,HHZ,13.999999720000009
140,48423,BCLI,HNZ,6.6666622222251855
141,48423,V0105,EHZ,6.666666444444452
142,48423,MPCD,HNZ,11.99999760000048
143,48423,BAIP,HNZ,8.333331944444677
144,58243,CSOB,HHZ,9.999999875
145,58243,CAWE,EHZ,9.999996666667776
146,58243,CSFT,HHZ,14.999999250000036
147,58243,CPOZ,HHZ,9.9999990000001
148,58243,CCAP,EHZ,2.99999970000003
149,58243,CROS,HHZ,29.9999970000003
150,58243,CAAM,HHZ,79.9999920000008
151,58243,CDOV,EHZ,14.999985000015
152,58243,CMSN,HHZ,9.99999000001
153,58243,V0102,EHZ,19.9999980000002
154,58243,CNIS,HHZ,24.99999375000156
155,58243,CMIS,HHZ,0.6249999921875
156,58243,CSTH,HHZ,14.285714081632657
157,58243,COLB,HHZ,69.9999930000007
158,58243,CBAC,HHZ,12.49999687500078
159,58243,CFMN,HHZ,15.99999680000064
160,67446,CSOB,HHZ,7.49999998125
161,67446,COLB,HHZ,11.2499999859375
162,67446,CPOZ,HHZ,13.999999720000009
163,67446,CBAC,HHZ,12.499998437500196
164,67446,CSTH,HHZ,33.33333222222226
165,67446,CCAP,EHZ,9.999999500000024
166,67446,CROS,HHZ,49.99999750000013
167,67446,CNIS,HHZ,3.4999999825000003
168,67446,CDOV,EHZ,11.99999760000048
169,67446,CAAM,HHZ,8.333333319444444
170,67446,CMSN,HHZ,6.99999930000007
171,67446,V0102,EHZ,49.99999750000013
172,67446,CMIS,HHZ,9.9999990000001
173,67446,CFMN,HHZ,9.999999333333378
174,67446,CAWE,EHZ,59.9999880000024
175,67446,CSFT,HHZ,14.99999962500001
176,68769,CSOB,HHZ,9.999999995
177,68769,CAWE,EHZ,11.999999760000003
178,68769,CSFT,HHZ,6.666666644444445
179,68769,NACO,HNZ,6.66666555555574
180,68769,CFMN,HHZ,4.999999916666669
181,68769,NAFG,HNZ,11.111109876543347
182,68769,NABA,HNZ,3.4999998250000086
183,68769,CSOC,EHZ,3.333333277777779
184,68769,CROS,HHZ,5.999999994
185,68769,POZA,HNZ,3.7499995312500585
186,68769,POZT,HNZ,0.9999999666666678
187,68769,POZS,HNZ,4.999999750000012
188,68769,CDOV,EHZ,9.999999666666678
189,68769,CAAM,HHZ,4.9999999975
190,68769,CBAG,HHZ,9.9999999
191,68769,CNIS,HHZ,3.99999998
192,68769,CCAP,EHZ,9.999999750000008
193,68769,NAAG,HNZ,2.499998750000625
194,68769,CSTH,HHZ,5.999999994
195,68769,COLB,HHZ,3.333333332222222
196,68769,CPIS,HHZ,9.99999999
197,68769,CBAC,HHZ,6.666666444444452
198,68769,CGAU,HHZ,3.333333277777779
199,68769,POZM,HNZ,3.99999980000001
200,68769,CPOZ,HHZ,0.1249999998437499
201,74314,CRUS,EHZ,28.57138775516035
202,74314,BAIP,HNZ,7.99999840000032
203,74314,BCLI,HNZ,9.9999950000025
204,74314,CPIS,HHZ,4.285714224489797
205,74314,CAAM,HHZ,6.666666444444452
206,74314,PTMR,HHZ,4.9999991666668056
207,74314,CPOZ,HHZ,1.999999996
208,74314,BAN,HNZ,9.99995000025
209,74314,CMIS,HHZ,3.999998000001
210,74314,POZU,HNZ,7.4999962500018755
211,74314,COLB,HHZ,7.499999625000019
212,74314,MPCD,HNZ,9.999999500000024
213,74314,POZS,HNZ,29.99997000003
214,74314,CQUE,HHZ,6.99999930000007
215,74314,CROS,HHZ,9.999999500000024
216,74314,CSTH,HHZ,9.999999666666678
217,74314,POZB,HNZ,2.99999970000003
218,74314,POZT,HNZ,49.99991666680556
219,74314,POZL,HNZ,0.9999999666666678
220,74314,CBAC,HHZ,8.333333319444444
221,74314,CSFT,HHZ,14.999999250000036
222,74314,CGAU,HHZ,12.49999968750001
223,74314,CFMN,HHZ,4.285714279591836
224,74314,CSOB,HHZ,4.999999916666669
225,74314,CAWE,EHZ,9.999999750000008
226,81892,CFMN,HHZ,9.9999990000001
227,81892,CSOC,EHZ,4.499999775000012
228,81892,CAAM,HHZ,8.333333319444444
229,81892,NAFG,HNZ,12.49999687500078
230,81892,CPOZ,HHZ,0.999999998
231,81892,NAAG,HNZ,9.99999000001
232,81892,CBAG,HHZ,11.428571265306124
233,81892,CNIS,HHZ,2.4999999875000003
234,81892,CGAU,HHZ,5.99999940000006
235,81892,CMIS,HHZ,19.9999960000008
236,81892,CDOV,EHZ,17.499995625001095
237,81892,NABA,HNZ,2.499999937500002
238,81892,CSTH,HHZ,24.99999937500002
239,81892,POZM,HNZ,4.999999750000012
240,81892,COLB,HHZ,9.99999999
241,81892,POZS,HNZ,19.99999500000125
242,81892,CROS,HHZ,14.999999925
243,81892,CAWE,EHZ,29.9999970000003
244,81892,CPIS,HHZ,19.9999999
245,81892,CCAP,EHZ,9.999999500000024
246,81892,POZA,HNZ,9.99999000001
247,81892,POZT,HNZ,1.999999900000005
248,81892,CSOB,HHZ,7.49999998125
249,81892,CSFT,HHZ,8.333333194444448
250,87363,CAWE,EHZ,7.99999992
251,87363,NACO,HNZ,7.999999200000079
252,87363,CSOB,HHZ,6.666666664444444
253,87363,CGAU,HHZ,9.999999666666678
254,87363,CSOC,EHZ,1.4999999925
255,87363,POZL,HNZ,19.99996000008
256,87363,POZT,HNZ,1.7999999640000008
257,87363,CDOV,EHZ,29.9999970000003
258,87363,CAAM,HHZ,1.428571428367347
259,87363,CFMN,HHZ,9.999999833333336
260,87363,NAAG,HNZ,13.99999720000056
261,87363,CBAG,HHZ,14.999999925
262,87363,POZA,HNZ,6.666664444445185
263,87363,CQUE,HHZ,19.9999980000002
264,87363,CPOZ,HHZ,1.4999999992500002
265,87363,CMIS,HHZ,16.66666611111113
266,87363,NABA,HNZ,37.49999531250059
267,87363,CNIS,HHZ,3.333333327777777
268,87363,CSTH,HHZ,6.999999992999999
269,87363,POZU,HNZ,24.999968750039063
270,87363,COLB,HHZ,0.9999999999
271,87363,POZB,HNZ,16.666638888935186
272,87363,POZM,HNZ,1.4285714081632654
273,87363,POZS,HNZ,3.99999980000001
274,87363,CBAC,HHZ,15.999999680000007
275,87363,CROS,HHZ,2.9999999985000003
276,87363,CCAP,EHZ,9.9999999
277,87363,CSFT,HHZ,9.999999966666667
278,87363,NAFG,HNZ,4.999999750000012
279,88080,CAWE,EHZ,9.99999995
280,88080,CSFT,HHZ,3.9999999973333336
281,88080,CMSN,HHZ,3.3333333222222223
282,88080,V0102,EHZ,6.999999992999999
283,88080,PTMR,HHZ,6.666666444444452
284,88080,CROS,HHZ,2.9999999985000003
285,88080,CBAG,HHZ,9.99999999
286,88080,CAAM,HHZ,1.9999999998666669
287,88080,CFMN,HHZ,6.666666655555555
288,88080,CFB3,HHZ,4.9999999975
289,88080,CMTS,EHZ,2.499999996875
290,88080,CQUE,HHZ,2.999999985
291,88080,CNIS,HHZ,4.99999999875
292,88080,CPOZ,HHZ,2.499999999375
293,88080,CBAC,HHZ,4.9999999875
294,88080,CMIS,HHZ,7.49999998125
295,88080,COLB,HHZ,1.9999999998666669
296,88080,CSTH,HHZ,4.99999999875
297,88080,CSOB,HHZ,2.857142856734694
298,88723,CSTH,HHZ,19.9999998
299,88723,CDOV,EHZ,4.999999750000012
300,88723,CSOB,HHZ,5.714285706122449
301,88723,CMTS,EHZ,3.999999920000002
302,88723,CAAM,HHZ,3.999999996
303,88723,CMSN,HHZ,4.999999750000012
304,88723,CMIS,HHZ,9.999999500000024
305,88723,CPOZ,HHZ,0.8333333319444444
306,88723,CQUE,HHZ,3.99999960000004
307,88723,CNIS,HHZ,2.8571428530612244
308,88723,CBAC,HHZ,9.999999666666678
309,88723,CBAG,HHZ,9.9999999
310,88723,CROS,HHZ,24.99999937500002
311,88723,V0102,EHZ,24.99999937500002
312,88723,CFMN,HHZ,19.9999980000002
313,88723,CSFT,HHZ,11.428571265306124
0,8784,CPOZ,HHZ,0.999999999
1,8784,CSOB,HHZ,3.4999999825000003
2,8784,CNIS,HHZ,4.99999950000005
3,8784,CAWE,EHZ,9.999999500000024
4,8784,CMIS,HHZ,9.999999500000024
5,8784,COLB,HHZ,2.857142816326531
6,8784,CPIS,HHZ,9.99999995
7,8784,CSTH,HHZ,9.99999995
8,8784,CMSN,HHZ,9.9999950000025
9,8784,CAAM,HHZ,2.99999997
10,8784,CLAC,HHZ,3.333333277777779
11,8784,CROS,HHZ,3.333333277777779
12,8784,CSFT,HHZ,14.285714081632657
13,8784,CFMN,HHZ,9.99999995
14,8784,CBAC,HHZ,7.99999992
15,11944,CBAC,HHZ,2.4999995833334028
16,11944,CSFT,HHZ,4.999999750000012
17,11944,CAWE,EHZ,6.666664444445185
18,11944,CSOB,HHZ,8.571428448979594
19,11944,V0102,EHZ,9.9999990000001
20,11944,CMIS,HHZ,2.99999940000012
21,11944,CROS,HHZ,7.499999812500005
22,11944,COLB,HHZ,6.666666622222223
23,11944,CAAM,HHZ,7.99999992
24,11944,CSTH,HHZ,4.999999875000004
25,11944,CMSN,HHZ,2.99999850000075
26,11944,CNIS,HHZ,4.999998750000312
27,11944,CFMN,HHZ,2.85714244897965
28,33199,CFMN,HHZ,11.999999760000003
29,33199,CPOZ,HHZ,33.33333277777779
30,33199,CBAG,HHZ,4.99999950000005
31,33199,BAN,HNZ,4.99999750000125
32,33199,V0105,EHZ,16.66666611111113
33,33199,POZB,HNZ,14.999996250000937
34,33199,CSTH,HHZ,3.4999999982500003
35,33199,CQUE,HHZ,6.666666555555558
36,33199,CPIS,HHZ,4.99999999375
37,33199,COLB,HHZ,2.49999999375
38,33199,POZU,HNZ,12.499998437500196
39,33199,NABA,HNZ,7.499998125000468
40,33199,CAAM,HHZ,1.6666666638888887
41,33199,POZA,HNZ,11.666664722222546
42,33199,POZS,HNZ,1.999999900000005
43,33199,POZM,HNZ,0.9999999500000024
44,33199,CROS,HHZ,5.999999988
45,33199,NAAG,HNZ,9.999983333361111
46,33199,CLAC,HHZ,7.499999625000019
47,33199,CNIS,HHZ,4.999999750000012
48,33199,POZL,HNZ,9.999999500000024
49,33199,POZT,HNZ,5.99999880000024
50,33199,CSFT,HHZ,0.999999999
51,33199,CAWE,EHZ,29.99999985
52,33199,CSOB,HHZ,1.4999999992500002
53,33199,CBAC,HHZ,9.999999666666678
54,35826,CPIS,HHZ,9.999999933333337
55,35826,NACO,HNZ,13.333288889037036
56,35826,CSOB,HHZ,13.33333331111111
57,35826,CBAG,HHZ,29.9999970000003
58,35826,CAAM,HHZ,6.666666662222222
59,35826,CSFT,HHZ,37.499999531250005
60,35826,CSTH,HHZ,6.666666644444445
61,35826,POZB,HNZ,15.99999680000064
62,35826,POZA,HNZ,11.111098765445815
63,35826,CUMA,HHZ,7.99999840000032
64,35826,CLAC,HHZ,13.33332888889037
65,35826,NAAG,HNZ,13.333311111148149
66,35826,CMIS,HHZ,9.999999500000024
67,35826,NABA,HNZ,9.99999000001
68,35826,BCLI,HNZ,13.333244445037034
69,35826,CMSN,HHZ,9.9999990000001
70,35826,BAIP,HNZ,9.99995000025
71,35826,CREM,HHZ,19.9999999
72,35826,POZS,HNZ,5.7142848979593
73,35826,POZL,HNZ,4.444439506178327
74,35826,POZT,HNZ,9.9999950000025
75,35826,CNIS,HHZ,14.999999250000036
76,35826,CGAU,HHZ,13.333332444444505
77,35826,CSOC,EHZ,7.499998125000468
78,35826,CQUE,HHZ,7.999999200000079
79,35826,NAFG,HNZ,7.999984000032001
80,35826,CPOZ,HHZ,14.999999925
81,35826,CFMN,HHZ,3.99999996
82,35826,CBAC,HHZ,1.499999985
83,36739,NAFG,HNZ,24.999968750039063
84,36739,CFMN,HHZ,2.99999997
85,36739,CGAU,HHZ,6.666666555555558
86,36739,CPIS,HHZ,33.33333322222222
87,36739,CSOC,EHZ,9.999996666667776
88,36739,CQUE,HHZ,3.999999920000002
89,36739,POZL,HNZ,4.999991666680556
90,36739,POZT,HNZ,11.999976000048
91,36739,CNIS,HHZ,1.6666666388888896
92,36739,CREM,HHZ,29.9999970000003
93,36739,CPOZ,HHZ,34.99999825000009
94,36739,CDOV,EHZ,2.99999970000003
95,36739,CMSN,HHZ,9.9999980000004
96,36739,CSTH,HHZ,11.999999976
97,36739,POZU,HNZ,9.9999950000025
98,36739,CUMA,HHZ,3.99999960000004
99,36739,CMTS,EHZ,12.499998437500196
100,36739,CMIS,HHZ,9.999998571428776
101,36739,CLAC,HHZ,1.4999999250000038
102,36739,NAAG,HNZ,66.66644444518519
103,36739,POZM,HNZ,13.33332888889037
104,36739,COLB,HHZ,3.3333333222222223
105,36739,POZB,HNZ,4.99999750000125
106,36739,CAAM,HHZ,4.999999975000001
107,36739,NABA,HNZ,17.499995625001095
108,36739,CSFT,HHZ,7.99999992
109,36739,CRUS,EHZ,2.99999970000003
110,36739,NACO,HNZ,7.142846938790088
111,36739,CSOB,HHZ,14.28571426530612
112,36739,CBAG,HHZ,9.999999666666678
113,36739,BAN,HNZ,13.33332888889037
114,36739,CBAC,HHZ,18.749997656250294
115,46544,CBAC,HHZ,24.99999375000156
116,46544,CAAM,HHZ,19.9999998
117,46544,CSTH,HHZ,19.999999500000012
118,46544,POZB,HNZ,9.99995000025
119,46544,NACO,HNZ,19.999866667555548
120,46544,CSOB,HHZ,22.22222197530864
121,46544,POZM,HNZ,119.99976000048
122,46544,CBAG,HHZ,74.99998125000468
123,46544,BAN,HNZ,14.285693877580176
124,46544,NABA,HNZ,49.99975000124999
125,46544,CROS,HHZ,12.499999843750002
126,46544,CGAU,HHZ,29.999985000007506
127,46544,CNIS,HHZ,9.9999990000001
128,46544,POZL,HNZ,9.999750006249844
129,46544,CREM,HHZ,99.999950000025
130,46544,CPIS,HHZ,11.11111098765432
131,46544,CSOC,EHZ,9.9999950000025
132,46544,CDOV,EHZ,4.99999750000125
133,46544,POZS,HNZ,49.99975000124999
134,46544,NAFG,HNZ,4.285708163274053
135,46544,CSFT,HHZ,19.9999980000002
136,51079,CFMN,HHZ,1.99999999
137,51079,NAFG,HNZ,6.666664444445185
138,51079,CBAC,HHZ,4.999999875000004
139,51079,POZB,HNZ,9.999998571428776
140,51079,CCAP,EHZ,3.7499531255859297
141,51079,CSOC,EHZ,5.99999940000006
142,51079,POZS,HNZ,33.333322222225924
143,51079,COLB,HHZ,7.999999991999999
144,51079,CREM,HHZ,15.999999680000007
145,51079,POZM,HNZ,12.499998437500196
146,51079,CMTS,EHZ,4.999999875000004
147,51079,POZT,HNZ,14.285693877580176
148,51079,POZL,HNZ,3.999996000004
149,51079,CQUE,HHZ,2.99999997
150,51079,CNIS,HHZ,1.3333333244444443
151,51079,CUMA,HHZ,3.4999998250000086
152,51079,BAN,HNZ,1.999999866666676
153,51079,CPOZ,HHZ,9.9999999
154,51079,CLAC,HHZ,1.1999999760000006
155,51079,CBAG,HHZ,6.99999993
156,51079,CSFT,HHZ,2.499999996875
157,51079,CMIS,HHZ,19.9999980000002
158,51079,CAAM,HHZ,2.999999997
159,51079,NABA,HNZ,3.333333222222226
160,51079,CMSN,HHZ,9.9999990000001
161,51079,CSTH,HHZ,4.999999999166667
162,51079,POZU,HNZ,2.499999750000025
163,51079,NAAG,HNZ,4.285713673469475
164,51079,NACO,HNZ,1.9999993333335555
165,51079,CSOB,HHZ,6.666666664444444
166,51079,CGAU,HHZ,0.999999998
167,51079,CPIS,HHZ,7.499999998124999
168,51079,CRUS,EHZ,2.333333255555558
169,51079,CDOV,EHZ,2.499999875000006
170,63963,CSFT,HHZ,9.99999995
171,63963,CMTS,EHZ,4.99999950000005
172,63963,CROS,HHZ,6.2499999921875
173,63963,CAAM,HHZ,1.2499999984375
174,63963,CDOV,EHZ,3.99999920000016
175,63963,CSTH,HHZ,9.999999995
176,63963,CMSN,HHZ,3.99999960000004
177,63963,COLB,HHZ,1.6666666638888887
178,63963,CNIS,HHZ,1.999999960000001
179,63963,CMIS,HHZ,9.999999500000024
180,63963,CSOB,HHZ,2.49999999875
181,63963,CFMN,HHZ,11.666666472222229
182,63963,CPOZ,HHZ,2.8571428530612244
183,63963,CBAC,HHZ,14.999999250000036
184,72092,CSFT,HHZ,4.999999995
185,72092,CGAU,HHZ,2.999999997
186,72092,CBAC,HHZ,9.999999975
187,72092,V0105,EHZ,9.9999999
188,72092,CPIS,HHZ,9.99999999
189,72092,POZS,HNZ,4.999999975000001
190,72092,CQUE,HHZ,1.999999998
191,72092,CNIS,HHZ,5.99999994
192,72092,COLB,HHZ,3.999999996
193,72092,CBAG,HHZ,9.999999500000024
194,72092,CPOZ,HHZ,1.79999999964
195,72092,CMSN,HHZ,9.999999500000024
196,72092,CSTH,HHZ,9.999999995
197,72092,CLAC,HHZ,4.999999975000001
198,72092,POZT,HNZ,0.99999999
199,72092,CFMN,HHZ,9.99999999
200,72092,CAAM,HHZ,1.4999999992500002
201,72092,CSOB,HHZ,3.7499999990625
202,72092,CAWE,EHZ,9.99999995
203,80274,NAFG,HNZ,9.9999950000025
204,80274,CNIS,HHZ,2.999999985
205,80274,CMTS,EHZ,19.9999980000002
206,80274,CMIS,HHZ,24.999998750000064
207,80274,CBAC,HHZ,13.999999720000009
208,80274,CSOC,EHZ,5.99999940000006
209,80274,CRUS,EHZ,2.666666577777781
210,80274,CQUE,HHZ,2.666666648888889
211,80274,CAAM,HHZ,9.99999999
212,80274,POZU,HNZ,9.999997500000624
213,80274,POZM,HNZ,34.99998250000875
214,80274,CPOZ,HHZ,9.99999995
215,80274,POZB,HNZ,12.49999687500078
216,80274,CDOV,EHZ,5.99999940000006
217,80274,CPIS,HHZ,13.333333328888887
218,80274,COLB,HHZ,9.99999999
219,80274,CLAC,HHZ,1.999999960000001
220,80274,CFMN,HHZ,3.3333333222222223
221,80274,CBAG,HHZ,9.99999988888889
222,80274,POZT,HNZ,9.9999950000025
223,80274,POZL,HNZ,6.9999930000070005
224,80274,CMSN,HHZ,9.9999990000001
225,80274,CSTH,HHZ,3.9999999992
226,80274,CREM,HHZ,19.99999933333336
227,80274,CSFT,HHZ,3.999999996
228,80274,CSOB,HHZ,3.9999999992
229,80274,CUMA,HHZ,2.9999999000000037
230,80274,CGAU,HHZ,4.999999975000001
231,85772,CAWE,EHZ,4.4999999775
232,85772,CGAU,HHZ,9.99999995
233,85772,POZT,HNZ,0.9999999666666678
234,85772,CMSN,HHZ,4.99999950000005
235,85772,CSTH,HHZ,9.999999995
236,85772,CFMN,HHZ,13.999999720000009
237,85772,CLAC,HHZ,4.499999775000012
238,85772,CPIS,HHZ,9.999999995
239,85772,POZS,HNZ,3.99999996
240,85772,V0105,EHZ,7.499999812500005
241,85772,BAN,HNZ,4.999998750000312
242,85772,CBAG,HHZ,9.9999990000001
243,85772,CPOZ,HHZ,1.999999998
244,85772,CAAM,HHZ,2.49999999375
245,85772,COLB,HHZ,2.49999999375
246,85772,CQUE,HHZ,1.4999999925
247,85772,CBAC,HHZ,9.999999500000024
248,85772,CDOV,EHZ,4.999998333333888
249,85772,CNIS,HHZ,6.666666222222252
250,85772,CSOB,HHZ,3.4999999982500003
251,85772,CSFT,HHZ,6.666666644444445
252,92022,CSOB,HHZ,29.999999700000004
253,92022,CAWE,EHZ,14.99999962500001
254,92022,CSFT,HHZ,19.9999998
255,92022,CNIS,HHZ,14.999999250000036
256,92022,CMIS,HHZ,5.333333297777778
257,92022,COLB,HHZ,16.666666388888896
258,92022,CPOZ,HHZ,1.666666666111111
259,92022,CSTH,HHZ,14.999999925
260,92022,CMSN,HHZ,6.99999930000007
261,92022,CAAM,HHZ,2.666666657777778
262,92022,CBAC,HHZ,19.9999999
263,92022,CFMN,HHZ,9.99999999
264,96051,NACO,HNZ,9.999966666777778
265,96051,CSFT,HHZ,9.9999999
266,96051,CBAG,HHZ,14.285712244898251
267,96051,NAAG,HNZ,5.5555493827229085
268,96051,BAN,HNZ,19.99998000002
269,96051,CFMN,HHZ,3.999999920000002
270,96051,CPOZ,HHZ,69.9999930000007
271,96051,NABA,HNZ,9.99999000001
272,96051,CBAC,HHZ,2.666666577777781
273,96051,CMIS,HHZ,7.499999625000019
274,96051,CREM,HHZ,99.99998750000157
275,96051,CNIS,HHZ,7.499999625000019
276,96051,POZM,HNZ,9.999997500000624
277,96051,POZT,HNZ,1.9999990000005
278,96051,COLB,HHZ,2.8571428530612244
279,96051,POZB,HNZ,9.99999000001
280,96051,CSTH,HHZ,5.714285706122449
281,96051,CROS,HHZ,37.499999531250005
282,96051,CMSN,HHZ,4.444443950617338
283,96051,CUMA,HHZ,6.666664444445185
284,96051,CSOB,HHZ,6.666666644444445
285,96051,CPIS,HHZ,4.9999999875
286,96051,CGAU,HHZ,6.666666444444452
287,98490,CPIS,HHZ,4.999999975000001
288,98490,CGAU,HHZ,2.99999997
289,98490,CUMA,HHZ,6.66666555555574
290,98490,CSOB,HHZ,9.999999983333332
291,98490,CSTH,HHZ,9.99999995
292,98490,POZL,HNZ,9.99999000001
293,98490,CROS,HHZ,9.99999995
294,98490,CMSN,HHZ,4.666666355555576
295,98490,POZT,HNZ,29.99997000003
296,98490,POZB,HNZ,33.33327777787037
297,98490,COLB,HHZ,33.33333277777779
298,98490,BAIP,HNZ,19.9999000005
299,98490,CLAC,HHZ,5.7142848979593
300,98490,POZM,HNZ,19.99998666667556
301,98490,POZU,HNZ,6.666664444445185
302,98490,CNIS,HHZ,5.9999998800000025
303,98490,CQUE,HHZ,3.7499999062500025
304,98490,BCLI,HNZ,9.99995000025
305,98490,CREM,HHZ,9.999999975
306,98490,CCAP,EHZ,3.333222225925802
307,98490,CAAM,HHZ,16.666666388888896
308,98490,POZS,HNZ,26.66666488888901
309,98490,MPCD,HNZ,9.99995000025
310,98490,CMIS,HHZ,6.666666444444452
311,98490,CBAC,HHZ,3.749999953125001
312,98490,CDOV,EHZ,7.499998125000468
313,98490,NAFG,HNZ,9.999985714306122
314,98490,CPOZ,HHZ,49.99999750000013
315,98490,CFMN,HHZ,9.9999999
316,98490,CBAG,HHZ,9.999999500000024
317,98490,NAAG,HNZ,29.99997000003
318,98490,BAN,HNZ,39.99996000004
319,98490,CMTS,EHZ,9.999998750000156
320,98490,NACO,HNZ,4.285708163274053
321,98490,CRUS,EHZ,5.7142848979593
322,98490,CSFT,HHZ,9.99999995
323,98490,CSOC,EHZ,7.99999840000032
0,20754,CSOB,HHZ,1.9999999996
1,20754,CBAC,HHZ,5.9999998800000025
2,20754,CAWE,EHZ,9.999999995
3,20754,CPIS,HHZ,2.333333332555556
4,20754,NAFG,HNZ,13.333311111148149
5,20754,CMSN,HHZ,4.99999950000005
6,20754,POZS,HNZ,5.714285632653062
7,20754,POZM,HNZ,3.99999960000004
8,20754,POZT,HNZ,29.99997000003
9,20754,CNIS,HHZ,1.4999999925
10,20754,CLAC,HHZ,2.499999937500002
11,20754,MPCD,HNZ,4.999995000005
12,20754,COLB,HHZ,9.99999995
13,20754,POZU,HNZ,2.6666664888889007
14,20754,CGAU,HHZ,4.9999999875
15,20754,CUMA,HHZ,6.249999218750098
16,20754,CAAM,HHZ,2.499999997916667
17,20754,POZL,HNZ,9.99999000001
18,20754,CREM,HHZ,149.9999962500001
19,20754,CQUE,HHZ,2.99999997
20,20754,POZB,HNZ,6.249999218750098
21,20754,CDOV,EHZ,7.499998125000468
22,20754,NABA,HNZ,29.999985000007506
23,20754,CPOZ,HHZ,8.999999910000001
24,20754,CBAG,HHZ,4.999999875000004
25,20754,CSTH,HHZ,2.9999999994
26,20754,CSOC,EHZ,6.66666555555574
27,20754,CRUS,EHZ,11.666664722222546
28,20754,CROS,HHZ,7.999999991999999
29,20754,BAN,HNZ,6.666664444445185
30,20754,CFMN,HHZ,3.99999998
31,20754,NAAG,HNZ,39.99992000016
32,20754,CMTS,EHZ,4.99999950000005
33,20754,CSFT,HHZ,1.9999999986666668
34,21283,BAN,HNZ,6.666664444445185
35,21283,CFMN,HHZ,4.999999833333339
36,21283,CPIS,HHZ,6.999999992999999
37,21283,CROS,HHZ,9.999999966666667
38,21283,NAFG,HNZ,9.99999000001
39,21283,CAWE,EHZ,5.999999988
40,21283,POZM,HNZ,7.99999840000032
41,21283,POZS,HNZ,3.99999960000004
42,21283,CSTH,HHZ,6.666666662222222
43,21283,CSOC,EHZ,4.99999950000005
44,21283,CGAU,HHZ,18.749997656250294
45,21283,CRUS,EHZ,3.99999920000016
46,21283,POZT,HNZ,13.333311111148149
47,21283,CNIS,HHZ,1.4285714081632654
48,21283,POZU,HNZ,4.99999750000125
49,21283,CLAC,HHZ,4.999998750000312
50,21283,CMSN,HHZ,9.9999990000001
51,21283,NABA,HNZ,39.99998000001
52,21283,CPOZ,HHZ,6.666666555555558
53,21283,COLB,HHZ,5.99999997
54,21283,CBAG,HHZ,9.999999500000024
55,21283,CREM,HHZ,17.99999964000001
56,21283,POZL,HNZ,9.99995000025
57,21283,POZB,HNZ,16.666638888935186
58,21283,CAAM,HHZ,1.999999996
59,21283,CQUE,HHZ,7.999999200000079
60,21283,CSFT,HHZ,19.9999998
61,21283,NAAG,HNZ,19.99998000002
62,21283,CSOB,HHZ,3.999999996
63,21283,CBAC,HHZ,4.999999750000012
64,24308,CSOB,HHZ,1.9999999998
65,24308,CMIS,HHZ,33.33333222222226
66,24308,CROS,HHZ,3.999999998
67,24308,CCAP,EHZ,3.4999999825000003
68,24308,CAAM,HHZ,1.49999999985
69,24308,CQUE,HHZ,2.499999996875
70,24308,COLB,HHZ,2.2222222219753087
71,24308,CDOV,EHZ,3.99999996
72,24308,CAWE,EHZ,9.999999966666667
73,24308,CMSN,HHZ,9.9999999
74,24308,CBAG,HHZ,5.714285706122449
75,24308,CLAC,HHZ,1.4999999925
76,24308,CNIS,HHZ,1.2499999984375
77,24308,CMTS,EHZ,4.9999999875
78,24308,CSFT,HHZ,2.999999999
79,24308,CBAC,HHZ,9.99999995
80,24308,CFMN,HHZ,2.142857139795918
81,24308,CPOZ,HHZ,14.999999925
82,25935,CFMN,HHZ,12.499999843750002
83,25935,CMTS,EHZ,4.999999875000004
84,25935,CBAC,HHZ,15.999999680000007
85,25935,CSFT,HHZ,16.66666661111111
86,25935,CBAG,HHZ,7.99999992
87,25935,CNIS,HHZ,6.249999921875001
88,25935,CSTH,HHZ,4.99999999875
89,25935,CDOV,EHZ,2.666666577777781
90,25935,CMSN,HHZ,3.999999920000002
91,25935,CAWE,EHZ,19.99999960000001
92,25935,COLB,HHZ,9.99999999
93,25935,CAAM,HHZ,5.999999994
94,25935,CQUE,HHZ,4.285714224489797
95,25935,CROS,HHZ,19.99999993333333
96,25935,CPOZ,HHZ,12.49999996875
97,25935,CCAP,EHZ,4.999999875000004
98,25935,V0102,EHZ,9.999999975
99,25935,CSOB,HHZ,3.333333332222222
100,46725,CMTS,EHZ,149.99999250000036
101,46725,CAWE,EHZ,9.999999996666666
102,46725,POZT,HNZ,29.999985000007506
103,46725,CRUS,EHZ,49.9999750000125
104,46725,CDOV,EHZ,16.66666611111113
105,46725,CNIS,HHZ,9.99999995
106,46725,NAFG,HNZ,16.666663888889353
107,46725,BAIP,HNZ,12.499984375019531
108,46725,POZM,HNZ,57.142848979593005
109,46725,CFMN,HHZ,19.9999998
110,46725,BAN,HNZ,9.999999500000024
111,46725,CPOZ,HHZ,69.9999993
112,46725,CSTH,HHZ,23.333333255555555
113,46725,CSOC,EHZ,39.99996000004
114,46725,CGAU,HHZ,13.333332888888904
115,46725,BCLI,HNZ,19.99996000008
116,46725,POZU,HNZ,74.99998125000468
117,46725,CLAC,HHZ,23.333332555555582
118,46725,COLB,HHZ,39.99999992
119,46725,CQUE,HHZ,29.999999700000004
120,46725,CBAG,HHZ,19.9999998
121,46725,CREM,HHZ,53.333332977777786
122,46725,NABA,HNZ,9.99999985714286
123,46725,CUMA,HHZ,39.9999960000004
124,46725,CAAM,HHZ,19.99999998
125,46725,CMIS,HHZ,7.4999999625
126,46725,POZL,HNZ,99.9995000025
127,46725,POZB,HNZ,99.999950000025
128,46725,CSFT,HHZ,8.7499999890625
129,46725,CSOB,HHZ,19.9999998
130,46725,NAAG,HNZ,29.9999970000003
131,46725,NACO,HNZ,12.49999687500078
132,46725,CBAC,HHZ,3.3333333222222223
133,48160,V0102,EHZ,7.499999990625
134,48160,CCAP,EHZ,14.999999250000036
135,48160,CSOB,HHZ,1.99999998
136,48160,CAAM,HHZ,2.499999999375
137,48160,CQUE,HHZ,6.666666644444445
138,48160,CLAC,HHZ,12.49999968750001
139,48160,CMSN,HHZ,24.999998750000064
140,48160,CPOZ,HHZ,14.28571426530612
141,48160,CSTH,HHZ,9.999999995
142,48160,CFMN,HHZ,12.49999996875
143,48160,COLB,HHZ,12.499999984375
144,48160,CAWE,EHZ,19.9999998
145,48160,CROS,HHZ,23.333333255555555
146,48160,CMIS,HHZ,19.99999960000001
147,48160,CDOV,EHZ,19.9999980000002
148,48160,CNIS,HHZ,2.499999995833333
149,48160,CSFT,HHZ,2.49999999875
150,48160,CBAC,HHZ,6.666666644444445
151,48160,CMTS,EHZ,29.9999970000003
152,55727,POZL,HNZ,1.99999980000002
153,55727,CAAM,HHZ,1.3333333328888888
154,55727,CPIS,HHZ,2.499999999375
155,55727,CAWE,EHZ,3.9999999992
156,55727,CBAC,HHZ,2.999999985
157,55727,CSOB,HHZ,1.333333333111111
158,55727,CSFT,HHZ,2.999999997
159,55727,CGAU,HHZ,2.8571428530612244
160,55727,CREM,HHZ,5.714285706122449
161,55727,POZM,HNZ,4.999999750000012
162,55727,CBAG,HHZ,5.714285632653062
163,55727,POZU,HNZ,9.999999500000024
164,55727,COLB,HHZ,4.49999999775
165,55727,CUMA,HHZ,9.999999500000024
166,55727,CSOC,EHZ,5.333332977777801
167,55727,CFMN,HHZ,4.999999983333334
168,55727,CPOZ,HHZ,14.999999925
169,55727,CSTH,HHZ,2.4999999996875
170,55727,POZB,HNZ,9.9999990000001
171,55727,CLAC,HHZ,9.999999500000024
172,55727,POZS,HNZ,9.999999833333336
173,55727,CQUE,HHZ,4.285714224489797
174,55727,BAIP,HNZ,9.999988888901235
175,55727,CRUS,EHZ,9.9999990000001
176,55727,CMTS,EHZ,14.285712244898251
177,55727,BAN,HNZ,1.999999900000005
178,55727,CROS,HHZ,1.9999999993333333
179,55727,CMSN,HHZ,4.999999750000012
180,55727,POZT,HNZ,11.99999760000048
181,55727,CNIS,HHZ,1.249999996875
182,55727,NACO,HNZ,2.666665777778074
183,62157,CMSN,HHZ,5.714285632653062
184,62157,CRUS,EHZ,49.99999750000013
185,62157,CDOV,EHZ,5.999999700000015
186,62157,CPIS,HHZ,2.857142856734694
187,62157,CMDP,HHZ,4.4999999775
188,62157,CQUE,HHZ,3.999999996
189,62157,BAIP,HNZ,19.999990000005
190,62157,CSOB,HHZ,1.9999999998
191,62157,CBAC,HHZ,4.666666663555556
192,62157,POZM,HNZ,3.333333222222226
193,62157,CPOZ,HHZ,1.9999999998
194,62157,CSFT,HHZ,3.333333332222222
195,62157,CMTS,EHZ,9.999999750000008
196,62157,BCLI,HNZ,19.999990000005
197,62157,NAAG,HNZ,15.99999680000064
198,62157,COLB,HHZ,37.49999990625
199,62157,CUMA,HHZ,17.49999956250001
200,62157,MPCD,HNZ,12.49999687500078
201,62157,CLAC,HHZ,33.33333222222226
202,62157,CCAP,EHZ,7.999840003199936
203,62157,POZB,HNZ,29.9999970000003
204,62157,PTMR,HHZ,6.666666444444452
205,62157,CSOC,EHZ,6.666666444444452
206,62157,CFMN,HHZ,99.9999995
207,62157,BAN,HNZ,4.99999950000005
208,62157,POZU,HNZ,6.666666444444452
209,62157,NAFG,HNZ,4.99999750000125
210,62157,CMIS,HHZ,6.666666655555555
211,67737,CNIS,HHZ,1.4999999925
212,67737,CDOV,EHZ,9.999997500000624
213,67737,CFMN,HHZ,6.666666644444445
214,67737,CSOB,HHZ,3.333333332777778
215,67737,CMSN,HHZ,6.666666222222252
216,67737,CPOZ,HHZ,16.66666661111111
217,67737,CLAC,HHZ,7.499999625000019
218,67737,CSTH,HHZ,6.666666664444444
219,67737,COLB,HHZ,6.666666655555555
220,67737,CBAC,HHZ,0.3999999997333333
221,67737,CMTS,EHZ,3.9999997333333512
222,67737,CAAM,HHZ,14.999999925
223,67737,CCAP,EHZ,6.249999218750098
224,67737,CQUE,HHZ,16.66666611111113
225,67737,CSFT,HHZ,1.999999999
226,67737,CMIS,HHZ,16.66666611111113
227,67737,V0102,EHZ,7.499999990625
228,67737,CROS,HHZ,14.9999999625
229,67737,CAWE,EHZ,13.333333244444448
230,68568,CNIS,HHZ,3.99999960000004
231,68568,CQUE,HHZ,3.333333222222226
232,68568,CSOB,HHZ,9.99999988888889
233,68568,CPIS,HHZ,11.428571265306124
234,68568,CBAC,HHZ,49.99999750000013
235,68568,COLB,HHZ,9.999999800000005
236,68568,CAAM,HHZ,12.49999968750001
237,68568,CSTH,HHZ,19.99999960000001
238,68568,CLAC,HHZ,3.9999997333333512
239,68568,CFMN,HHZ,14.999999925
240,68568,CPOZ,HHZ,1.6666666648148147
241,68568,CMIS,HHZ,2.499999937500002
242,68568,CAWE,EHZ,4.999999875000004
243,68568,V0102,EHZ,9.999999500000024
244,68568,CSFT,HHZ,12.49999968750001
245,68990,CMIS,HHZ,9.999999500000024
246,68990,CMSN,HHZ,9.999999500000024
247,68990,CSOB,HHZ,2.6666666657777776
248,68990,CFMN,HHZ,2.4999999875000003
249,68990,CSTH,HHZ,3.333333332222222
250,68990,CPOZ,HHZ,9.99999988888889
251,68990,COLB,HHZ,3.9999999973333336
252,68990,CAAM,HHZ,0.9999999995
253,68990,CBAC,HHZ,4.999999916666669
254,68990,CPIS,HHZ,1.4285714265306122
255,68990,CDOV,EHZ,1.999999933333336
256,68990,CROS,HHZ,3.9999999973333336
257,68990,CAWE,EHZ,11.666666472222229
258,68990,CNIS,HHZ,1.999999996
259,68990,CSFT,HHZ,7.49999998125
260,68990,CMTS,EHZ,5.9999998800000025
261,73808,CDOV,EHZ,8.749999890625
262,73808,CROS,HHZ,1.9999999993333333
263,73808,COLB,HHZ,14.9999999925
264,73808,CQUE,HHZ,29.999999700000004
265,73808,CLAC,HHZ,11.999999760000003
266,73808,CMSN,HHZ,18.749999765625
267,73808,CPOZ,HHZ,4.285714279591836
268,73808,CFMN,HHZ,7.49999998125
269,73808,CBAC,HHZ,19.99999986666667
270,73808,CMTS,EHZ,13.333333244444448
271,73808,CAAM,HHZ,2.857142856734694
272,73808,CNIS,HHZ,2.2222222197530863
273,73808,CMIS,HHZ,14.285714081632657
274,73808,CSFT,HHZ,2.499999999375
275,78080,CBAC,HHZ,9.999999500000024
276,78080,CLAC,HHZ,2.499999875000006
277,78080,CMSN,HHZ,8.749998906250136
278,78080,CQUE,HHZ,2.666666648888889
279,78080,CAAM,HHZ,2.49999999375
280,78080,CROS,HHZ,9.99999995
281,78080,CSTH,HHZ,11.428571412244898
282,78080,CDOV,EHZ,4.999998750000312
283,78080,CPOZ,HHZ,4.285714279591836
284,78080,CNIS,HHZ,2.2222221975308645
285,78080,CFMN,HHZ,3.99999998
286,78080,COLB,HHZ,3.749999990625
287,78080,CSOB,HHZ,19.9999998
288,78080,CMIS,HHZ,4.999999916666669
289,78080,CSFT,HHZ,6.666666644444445
290,78080,CMTS,EHZ,11.4285697959186
291,78080,V0102,EHZ,12.499999843750002
292,78816,CLAC,HHZ,6.666666444444452
293,78816,CMTS,EHZ,2.666666648888889
294,78816,V0102,EHZ,9.99999999
295,78816,CAWE,EHZ,3.999999992
296,78816,CBAC,HHZ,2.857142816326531
297,78816,CPOZ,HHZ,7.49999998125
298,78816,CDOV,EHZ,2.499999937500002
299,78816,CSTH,HHZ,4.285714285102041
300,78816,CFMN,HHZ,19.9999998
301,78816,CCAP,EHZ,2.49999996875
302,78816,CMIS,HHZ,14.999999250000036
303,78816,CROS,HHZ,3.4999999982500003
304,78816,CNIS,HHZ,1.6666666611111112
305,78816,COLB,HHZ,7.999999991999999
306,78816,CAAM,HHZ,2.9999999985000003
307,78816,CMSN,HHZ,5.9999998800000025
308,78816,CSOB,HHZ,4.285714285102041
309,78816,CQUE,HHZ,5.714285632653062
310,78816,CSFT,HHZ,9.999999995
311,80480,CBAG,HHZ,4.285714224489797
312,80480,POZU,HNZ,7.99999840000032
313,80480,CRUS,EHZ,12.49999687500078
314,80480,CSFT,HHZ,4.9999999875
315,80480,CQUE,HHZ,2.499999937500002
316,80480,NACO,HNZ,2.99999850000075
317,80480,NAAG,HNZ,3.99999920000016
318,80480,CAWE,EHZ,4.999999995
319,80480,CMSN,HHZ,9.9999990000001
320,80480,CPOZ,HHZ,6.666666555555558
321,80480,CLAC,HHZ,4.285713673469475
322,80480,CREM,HHZ,19.999999500000012
323,80480,POZM,HNZ,3.99999980000001
324,80480,CNIS,HHZ,1.4285714081632654
325,80480,CPIS,HHZ,1.9999999993333333
326,80480,CMTS,EHZ,4.999999875000004
327,80480,BAIP,HNZ,12.4998437519531
328,80480,CSOB,HHZ,3.333333332222222
329,80480,CDOV,EHZ,1.999999866666676
330,80480,COLB,HHZ,3.7499999953125
331,80480,CUMA,HHZ,9.999997500000624
332,80480,CGAU,HHZ,79.9999920000008
333,80480,CAAM,HHZ,3.333333327777777
334,80480,CROS,HHZ,6.999999992999999
335,80480,POZT,HNZ,3.999998000001
336,80480,POZL,HNZ,9.9999750000625
337,80480,BAN,HNZ,4.999999375000078
338,80480,POZB,HNZ,4.99999750000125
339,80480,CSTH,HHZ,1.333333333111111
340,80480,CMIS,HHZ,9.999998571428776
341,80480,NABA,HNZ,9.9999990000001
342,80480,CSOC,EHZ,7.142856122449126
343,80480,CFMN,HHZ,4.285714224489797
344,80480,CBAC,HHZ,4.999999750000012
345,80480,CCAP,EHZ,3.3332777787036885
346,80480,NAFG,HNZ,4.999998750000312
347,84800,CMTS,EHZ,9.9999990000001
348,84800,CSOC,EHZ,4.999999750000012
349,84800,CSTH,HHZ,3.333333332222222
350,84800,CBAC,HHZ,2.49999999375
351,84800,CQUE,HHZ,4.99999995
352,84800,CDOV,EHZ,7.499999062500117
353,84800,CAAM,HHZ,6.999999992999999
354,84800,CSOB,HHZ,2.857142856734694
355,84800,CREM,HHZ,4.9999999975
356,84800,CMSN,HHZ,2.49999996875
357,84800,CPOZ,HHZ,9.99999999
358,84800,NABA,HNZ,5.99999940000006
359,84800,POZB,HNZ,49.9999750000125
360,84800,POZU,HNZ,19.999990000005
361,84800,CBAG,HHZ,8.333333194444448
362,84800,POZT,HNZ,9.9999990000001
363,84800,CMIS,HHZ,9.9999999
364,84800,POZS,HNZ,24.999998750000064
365,84800,CFMN,HHZ,7.14285713265306
366,84800,BAIP,HNZ,9.99999000001
367,84800,CNIS,HHZ,19.99998000002
368,84800,CAWE,EHZ,39.99999992
369,84800,CPIS,HHZ,6.666666664444444
370,84800,POZM,HNZ,9.999999500000024
371,84800,COLB,HHZ,19.99999996
372,84800,POZL,HNZ,29.99997000003
373,84800,NAFG,HNZ,9.99999000001
374,84800,CSFT,HHZ,6.999999992999999
375,84800,CRUS,EHZ,9.999999500000024
376,85795,CLAC,HHZ,9.999999500000024
377,85795,CSFT,HHZ,14.9999999625
378,85795,CAWE,EHZ,3.333333327777777
379,85795,CMTS,EHZ,6.666666222222252
380,85795,CNIS,HHZ,2.49999999375
381,85795,POZT,HNZ,1.4999999925
382,85795,CFMN,HHZ,12.49999996875
383,85795,CBAG,HHZ,23.333332555555582
384,85795,CMSN,HHZ,3.99999980000001
385,85795,CPIS,HHZ,9.99999999
386,85795,POZS,HNZ,7.499999812500005
387,85795,CAAM,HHZ,4.999999995
388,85795,COLB,HHZ,7.999999991999999
389,85795,CDOV,EHZ,7.99999840000032
390,85795,BAN,HNZ,4.999999750000012
391,85795,BAIP,HNZ,4.999998333333888
392,85795,CSOB,HHZ,2.49999999875
393,85795,CQUE,HHZ,1.999999986666667
394,85795,CBAC,HHZ,9.99999995
395,85795,CGAU,HHZ,6.666666644444445
396,85795,CPOZ,HHZ,2.49999999875
397,85795,CSTH,HHZ,9.99999999
398,85795,CMIS,HHZ,9.999999800000005
399,86759,CBAC,HHZ,9.99999995
400,86759,CMSN,HHZ,14.999999250000036
401,86759,CAAM,HHZ,3.4999999982500003
402,86759,CPIS,HHZ,2.8571428530612244
403,86759,CDOV,EHZ,9.9999990000001
404,86759,CSTH,HHZ,4.99999999875
405,86759,CSOB,HHZ,1.9999999996
406,86759,CFMN,HHZ,13.33333328888889
407,86759,CROS,HHZ,4.49999999775
408,86759,COLB,HHZ,9.999999985714284
409,86759,CMIS,HHZ,9.9999999
410,86759,CNIS,HHZ,1.7999999964
411,86759,CPOZ,HHZ,8.333333319444444
412,86759,CMTS,EHZ,4.999999750000012
413,86759,CSFT,HHZ,3.333333331111111
414,86759,CAWE,EHZ,4.9999999875
415,87164,CMIS,HHZ,9.999999666666678
416,87164,CMSN,HHZ,19.9999960000008
417,87164,CSOB,HHZ,4.9999999975
418,87164,POZS,HNZ,19.9999980000002
419,87164,CAAM,HHZ,1.3333333328888888
420,87164,POZT,HNZ,9.9999950000025
421,87164,CBAG,HHZ,7.499999906250001
422,87164,POZL,HNZ,26.666577778074075
423,87164,BAN,HNZ,9.999997500000624
424,87164,CDOV,EHZ,3.99999960000004
425,87164,CAWE,EHZ,5.999999988
426,87164,CSTH,HHZ,6.666666664444444
427,87164,POZB,HNZ,19.99998000002
428,87164,CSFT,HHZ,5.999999988
429,87164,CFMN,HHZ,8.571428448979594
430,87164,NABA,HNZ,19.9999960000008
431,87164,CNIS,HHZ,1.49999999625
432,87164,POZU,HNZ,9.9999950000025
433,87164,POZM,HNZ,9.9999990000001
434,87164,NAFG,HNZ,9.9999950000025
435,87164,CPOZ,HHZ,9.999999966666667
436,87164,COLB,HHZ,2.49999999875
437,87164,CQUE,HHZ,7.499999625000019
438,87164,CREM,HHZ,29.999999700000004
439,87164,CBAC,HHZ,3.749999953125001
440,87164,CUMA,HHZ,13.99999720000056
441,94353,CSOC,EHZ,7.499999062500117
442,94353,CSTH,HHZ,3.9999999992
443,94353,CGAU,HHZ,4.999999975000001
444,94353,NACO,HNZ,1.666666111111296
445,94353,POZB,HNZ,4.999999750000012
446,94353,CSFT,HHZ,9.999999966666667
447,94353,CQUE,HHZ,3.99999998
448,94353,CPOZ,HHZ,9.9999999
449,94353,CBAC,HHZ,4.99999995
450,94353,POZM,HNZ,7.99999840000032
451,94353,CMIS,HHZ,19.99999900000005
452,94353,CUMA,HHZ,14.285712244898251
453,94353,CRUS,EHZ,4.999999750000012
454,94353,CLAC,HHZ,3.333333222222226
455,94353,POZU,HNZ,9.9999990000001
456,94353,CAAM,HHZ,2.999999997
457,94353,CAWE,EHZ,11.428571412244898
458,94353,CNIS,HHZ,2.4999999875000003
459,94353,CREM,HHZ,7.999999984
460,94353,CMSN,HHZ,9.999999500000024
461,94353,CBAG,HHZ,9.999999666666678
462,94353,CDOV,EHZ,23.333325555558147
463,94353,CPIS,HHZ,4.9999999975
464,96308,CSFT,HHZ,1.999999999
465,96308,CMTS,EHZ,4.999999750000012
466,96308,CBAC,HHZ,4.9999999375
467,96308,CFMN,HHZ,3.99999998
468,96308,CNIS,HHZ,1.99999999
469,96308,CSOB,HHZ,1.9999999998
470,96308,CCAP,EHZ,2.999999850000008
471,96308,CROS,HHZ,4.999999995
472,96308,CMIS,HHZ,16.66666611111113
473,96308,V0102,EHZ,2.49999999875
474,96308,CLAC,HHZ,14.99999850000015
475,96308,COLB,HHZ,6.999999992999999
476,96308,CAAM,HHZ,1.999999999
477,96308,CDOV,EHZ,5.333332977777801
478,96308,CMSN,HHZ,6.666666222222252
479,96308,CPOZ,HHZ,29.999999700000004
480,96308,CQUE,HHZ,9.999999833333336
481,98035,CQUE,HHZ,2.499999937500002
482,98035,CSFT,HHZ,24.99999937500002
483,98035,CAAM,HHZ,39.9999960000004
484,98035,CNIS,HHZ,2.999999850000008
485,98035,CPOZ,HHZ,99.99999666666676
486,98035,CMSN,HHZ,7.99999680000128
487,98035,CPIS,HHZ,12.499999843750002
488,98035,CSOB,HHZ,6.666666622222223
489,98035,COLB,HHZ,29.9999970000003
490,98035,CMIS,HHZ,2.857142816326531
491,98035,CSTH,HHZ,28.57142816326531
492,98035,V0102,EHZ,19.99999900000005
493,98035,CAWE,EHZ,13.333332888888904
494,98035,CLAC,HHZ,4.999999750000012
495,98035,CFMN,HHZ,29.999999700000004
496,98035,CBAC,HHZ,16.66666661111111
497,99882,CMTS,EHZ,9.9999990000001
498,99882,CSFT,HHZ,3.999999996
499,99882,CBAC,HHZ,9.999999800000005
500,99882,CMIS,HHZ,13.333332888888904
501,99882,CMSN,HHZ,7.499999625000019
502,99882,CAWE,EHZ,19.9999998
503,99882,CFMN,HHZ,24.99999937500002
504,99882,CSTH,HHZ,6.666666664444444
505,99882,COLB,HHZ,3.999999996
506,99882,CSOB,HHZ,1.666666666111111
507,99882,CROS,HHZ,5.999999994
508,99882,CDOV,EHZ,9.9999980000004
509,99882,CPOZ,HHZ,9.99999998
510,99882,CNIS,HHZ,1.99999999
511,99882,CAAM,HHZ,2.999999997
512,102816,CAAM,HHZ,2.6666666657777776
513,102816,CSFT,HHZ,3.999999996
514,102816,CMTS,EHZ,7.499999625000019
515,102816,CDOV,EHZ,7.999999200000079
516,102816,CPOZ,HHZ,4.999999916666669
517,102816,CROS,HHZ,3.333333332222222
518,102816,CFMN,HHZ,3.99999998
519,102816,CSOB,HHZ,4.99999999875
520,102816,CAWE,EHZ,9.99999995
521,102816,CMSN,HHZ,6.666666444444452
522,102816,CSTH,HHZ,6.666666664444444
523,102816,CBAC,HHZ,16.66666611111113
524,102816,CNIS,HHZ,2.4999999875000003
525,102816,CMIS,HHZ,19.9999980000002
526,102816,COLB,HHZ,4.9999999975
527,102816,CPIS,HHZ,15.999999968
528,102933,CMTS,EHZ,29.999998500000075
529,102933,CQUE,HHZ,4.999999750000012
530,102933,NAAG,HNZ,71.42846938790088
531,102933,CSOC,EHZ,9.999998571428776
532,102933,CDOV,EHZ,2.999999850000008
533,102933,CAWE,EHZ,5.999999988
534,102933,CMSN,HHZ,16.666663888889353
535,102933,CRUS,EHZ,5.99999940000006
536,102933,POZT,HNZ,49.99975000124999
537,102933,NACO,HNZ,9.9999950000025
538,102933,CBAC,HHZ,6.666666222222252
539,102933,CCAP,EHZ,3.9999800001
540,102933,CPIS,HHZ,3.999999998
541,102933,CFMN,HHZ,6.249999921875001
542,102933,NABA,HNZ,9.9999990000001
543,102933,CSOB,HHZ,4.9999999975
544,102933,POZU,HNZ,26.66665777778074
545,102933,POZS,HNZ,49.9999750000125
546,102933,CAAM,HHZ,9.99999995
547,102933,POZM,HNZ,13.33332888889037
548,102933,CLAC,HHZ,4.999999750000012
549,102933,CPOZ,HHZ,9.999999666666678
550,102933,CBAG,HHZ,8.999999910000001
551,102933,CROS,HHZ,9.99999998
552,102933,CGAU,HHZ,9.9999999
553,102933,COLB,HHZ,9.99999995
554,102933,CNIS,HHZ,1.99999998
555,102933,CREM,HHZ,5.9999998800000025
556,102933,CUMA,HHZ,6.666664444445185
557,102933,BAN,HNZ,2.9999999400000013
558,102933,CSTH,HHZ,3.333333332222222
559,102933,POZB,HNZ,4.99999750000125
560,102933,CSFT,HHZ,7.4999999625
561,102933,NAFG,HNZ,5.99999880000024
562,105067,CBAC,HHZ,3.3333333222222223
563,105067,CAAM,HHZ,2.49999999875
564,105067,CGAU,HHZ,4.9999999875
565,105067,POZS,HNZ,6.99999993
566,105067,POZT,HNZ,0.4999999975
567,105067,CNIS,HHZ,4.4999999775
568,105067,CCAP,EHZ,9.999999500000024
569,105067,CLAC,HHZ,66.66666444444452
570,105067,BAN,HNZ,4.499999775000012
571,105067,CPOZ,HHZ,0.8333333331944445
572,105067,CBAG,HHZ,26.66666577777781
573,105067,CDOV,EHZ,7.142856122449126
574,105067,CMIS,HHZ,4.99999995
575,105067,COLB,HHZ,9.99999999
576,105067,CSOB,HHZ,3.4999999982500003
577,105067,CPIS,HHZ,4.9999999975
578,105067,CFMN,HHZ,8.333333319444444
579,105067,CMSN,HHZ,4.999999750000012
580,105067,CSFT,HHZ,11.999999976
581,105067,CQUE,HHZ,1.2499999996875
582,105067,CAWE,EHZ,4.999999991666666
583,105067,CSTH,HHZ,4.9999999975
0,3873,CSFT,HHZ,6.666666644444445
1,3873,NABA,HNZ,14.285712244898251
2,3873,BAN,HNZ,7.99999840000032
3,3873,CAAM,HHZ,24.999999875
4,3873,CSTH,HHZ,9.9999999875
5,3873,CROS,HHZ,7.499999990625
6,3873,POZB,HNZ,11.4285697959186
7,3873,POZS,HNZ,49.999995000000496
8,3873,MPCD,HNZ,59.9999880000024
9,3873,POZM,HNZ,33.333322222225924
10,3873,CFMN,HHZ,13.33333331111111
11,3873,CSOC,EHZ,9.999999500000024
12,3873,CGAU,HHZ,6.666666644444445
13,3873,BCLI,HNZ,249.9998750000625
14,3873,COLB,HHZ,23.333333255555555
15,3873,CPOZ,HHZ,14.999999985
16,3873,CBAG,HHZ,9.99999985714286
17,3873,CBAC,HHZ,9.999999995
18,3873,CCAP,EHZ,19.9999980000002
19,3873,CMIS,HHZ,39.99999992
20,3873,CNIS,HHZ,19.9999998
21,3873,CQUE,HHZ,12.499999843750002
22,3873,BAIP,HNZ,249.9998750000625
23,3873,POZL,HNZ,199.9998000002
24,3873,POZT,HNZ,79.9999840000032
25,3873,POZA,HNZ,66.66664444445185
26,3873,CPIS,HHZ,7.499999990625
27,3873,CDOV,EHZ,24.99999687500039
28,3873,NAFG,HNZ,29.99997000003
29,3873,CAWE,EHZ,9.999999875
30,3873,CSOB,HHZ,4.99999999375
31,3873,NAAG,HNZ,21.428540816370266
32,10869,CAAM,HHZ,4.9999999875
33,10869,CFMN,HHZ,29.999999700000004
34,10869,CSOB,HHZ,9.99999995
35,10869,CPIS,HHZ,6.666666622222223
36,10869,CMIS,HHZ,7.14285713265306
37,10869,POZT,HNZ,6.666666444444452
38,10869,CNIS,HHZ,22.499999437500016
39,10869,CCAP,EHZ,4.999999750000012
40,10869,CPOZ,HHZ,3.999999998
41,10869,CBAG,HHZ,29.9999970000003
42,10869,CBAC,HHZ,26.66666657777778
43,10869,BAIP,HNZ,19.9999980000002
44,10869,BCLI,HNZ,18.749997656250294
45,10869,COLB,HHZ,10.13333326577778
46,10869,CSTH,HHZ,7.4999999625
47,10869,POZS,HNZ,16.666663888889353
48,10869,CMSN,HHZ,19.9999980000002
49,10869,CSFT,HHZ,11.428571265306124
50,10869,CDOV,EHZ,15.99999680000064
51,25936,CSOB,HHZ,34.999999825
52,25936,CFMN,HHZ,14.999999925
53,25936,CSTH,HHZ,33.33333277777779
54,25936,CMSN,HHZ,49.99998333333888
55,25936,CROS,HHZ,11.999999760000003
56,25936,COLB,HHZ,19.9999998
57,25936,V0102,EHZ,37.49999531250059
58,25936,CMIS,HHZ,34.999999825
59,25936,CNIS,HHZ,19.99999900000005
60,25936,CBAC,HHZ,199.99999333333355
61,25936,CPOZ,HHZ,11.999999976
62,25936,CAAM,HHZ,14.999999850000002
63,25936,CSFT,HHZ,5.99999994
64,29800,CAWE,EHZ,16.666661111112962
65,29800,CAAM,HHZ,17.49999956250001
66,29800,CBAC,HHZ,59.9999940000006
67,29800,CFMN,HHZ,7.999999840000004
68,29800,CMIS,HHZ,15.999999680000007
69,29800,CNIS,HHZ,33.333327777778706
70,29800,CPOZ,HHZ,59.9999880000024
71,29800,CSTH,HHZ,19.99999900000005
72,29800,COLB,HHZ,14.99999962500001
73,29800,CROS,HHZ,29.9999970000003
74,29800,CSOB,HHZ,9.999999750000008
75,29800,CSFT,HHZ,39.9999920000016
76,65198,CAWE,EHZ,19.99999900000005
77,65198,BAN,HNZ,11.66664722225463
78,65198,POZT,HNZ,49.99999750000013
79,65198,BAIP,HNZ,7.499998125000468
80,65198,CSFT,HHZ,33.33333222222226
81,65198,CPIS,HHZ,12.499999843750002
82,65198,CDOV,EHZ,19.999990000005
83,65198,CAAM,HHZ,21.428571122448982
84,65198,CBAG,HHZ,19.9999960000008
85,65198,CBAC,HHZ,6.666666644444445
86,65198,CSTH,HHZ,22.22222197530864
87,65198,BCLI,HNZ,149.9999250000375
88,65198,CGAU,HHZ,4.9999999875
89,65198,CNIS,HHZ,26.66666577777781
90,65198,CMIS,HHZ,39.9999996
91,65198,CQUE,HHZ,19.99999960000001
92,65198,CPOZ,HHZ,22.49999994375
93,65198,COLB,HHZ,24.99999958333334
94,65198,CFMN,HHZ,69.9999993
95,65198,CSOB,HHZ,24.999999687500004
96,80314,CAWE,EHZ,7.499999990625
97,80314,NAAG,HNZ,12.499984375019531
98,80314,CROS,HHZ,4.9999999875
99,80314,CAAM,HHZ,29.999999700000004
100,80314,CFMN,HHZ,29.99999985
101,80314,CPIS,HHZ,2.8571428530612244
102,80314,CQUE,HHZ,24.999999687500004
103,80314,CSFT,HHZ,3.3333333222222223
104,80314,POZS,HNZ,16.666663888889353
105,80314,POZB,HNZ,8.749998906250136
106,80314,CRUS,EHZ,6.666666444444452
107,80314,POZU,HNZ,13.33332888889037
108,80314,CBAG,HHZ,7.999999840000004
109,80314,CMIS,HHZ,9.999999995
110,80314,CNIS,HHZ,49.99999875000004
111,80314,CDOV,EHZ,12.499998437500196
112,80314,POZM,HNZ,6.666664444445185
113,80314,COLB,HHZ,49.99999916666668
114,80314,CGAU,HHZ,6.666666644444445
115,80314,CSOC,EHZ,19.9999980000002
116,80314,CPOZ,HHZ,1.874999999765625
117,80314,POZT,HNZ,6.666666444444452
118,80314,CBAC,HHZ,29.99999997
119,80314,CSTH,HHZ,3.333333329629629
120,80314,PTMR,HHZ,3.99999996
121,80314,BAN,HNZ,7.499998125000468
122,80314,MPCD,HNZ,24.99999687500039
123,80314,POZL,HNZ,33.333322222225924
124,80314,CMSN,HHZ,4.999999875000004
125,80314,NABA,HNZ,6.66666555555574
126,80314,NAFG,HNZ,12.499984375019531
127,80314,CMTS,EHZ,14.285712244898251
128,80314,CSOB,HHZ,3.333333329629629
129,91915,CSOB,HHZ,1.999999999
130,91915,CSFT,HHZ,42.857142244897965
131,91915,CBAC,HHZ,0.99999999995
132,91915,CBAG,HHZ,34.99999825000009
133,91915,CNIS,HHZ,49.99999875000004
134,91915,CMIS,HHZ,19.99999998
135,91915,CAWE,EHZ,49.99999875000004
136,91915,CFB1,HHZ,3.7499999953125
137,91915,COLB,HHZ,19.9999998
138,91915,CQUE,HHZ,24.999999687500004
139,91915,CPOZ,HHZ,0.9999999999
140,91915,CMSN,HHZ,19.999993333335556
141,91915,CSTH,HHZ,9.99999995
142,91915,CDOV,EHZ,19.9999980000002
143,91915,CAAM,HHZ,29.999999700000004
144,91915,CMTS,EHZ,19.9999980000002
145,91915,CPIS,HHZ,33.33333277777779
146,91915,V0102,EHZ,49.99999750000013
147,91915,CFMN,HHZ,14.28571426530612
148,99347,CSOB,HHZ,6.666666622222223
149,99347,CAWE,EHZ,7.499999625000019
150,99347,CBAC,HHZ,19.9999999
151,99347,CMSN,HHZ,17.499995625001095
152,99347,CSTH,HHZ,9.99999995
153,99347,COLB,HHZ,1.999999996
154,99347,CNIS,HHZ,1.99999998
155,99347,CMIS,HHZ,3.7499999953125
156,99347,CDOV,EHZ,6.666664444445185
157,99347,CPOZ,HHZ,19.99999960000001
158,99347,CFMN,HHZ,7.4999999625
159,99347,CSFT,HHZ,13.333332888888904
